<ConnectionComponent Id="PSM-ADUC" Type="CyberArk.PasswordVault.TransparentConnection.PSM.PSMConnectionComponent, CyberArk.PasswordVault.TransparentConnection.PSM" DisplayName="GenericMMC">
    <ComponentParameters />
    <UserParameters>
        <Parameter Name="AllowMappingLocalDrives" Required="Yes" Type="CyberArk.TransparentConnection.BooleanUserParameter, CyberArk.PasswordVault.TransparentConnection" Value="No" Visible="No" />
    </UserParameters>
    <TargetSettings ClientApp="dummy.exe" ClientDispatcher="&quot;{PSMComponentsFolder}\PSMMMCDispatcher.exe&quot; &quot;{PSMComponentsFolder}&quot;" ClientInvokeType="Dispatcher" Protocol="VNC">
        <ClientSpecific>
            <Parameter Name="WaitBeforeCmdlineParmsHide" Value="2000" />
            <Parameter Name="CmdLineParmsHideTimeout" Value="2000" />
            <Parameter Name="ClientInstallationPath" Value="" />
            <Parameter Name="LogonFlag" Value="2" />
        </ClientSpecific>
        <LockAppWindow MainWindowClass="MMCMainFrame" />
        <Capabilities>
            <Capability Id="KeystrokesAudit" />
            <Capability Id="KeystrokesTextRecorder" />
        </Capabilities>
    </TargetSettings>
</ConnectionComponent>